{
  "pairs": 7,
  "native_compiler": "/Users/julesjacobs/git/oxcaml-llvm/agents/llvm-fast-path-roots-integration/oxcaml/_install/bin/ocamlopt.opt",
  "llvm_compiler": "/Users/julesjacobs/git/oxcaml-llvm/agents/llvm-fast-path-roots-integration/oxcaml/_llvm_self_stage_install/bin/ocamlopt.opt",
  "results": [
    {
      "file": "env.ml",
      "native_median": 1.718058333004592,
      "llvm_median": 1.8107213329931255,
      "ratio": 1.053934722825436,
      "native_times": [
        1.7456815000041388,
        1.7353735420037992,
        1.7071330409962684,
        1.718058333004592,
        1.7027818330097944,
        1.7051359170000069,
        1.7210415830195416
      ],
      "llvm_times": [
        1.8349119579943363,
        1.8020666250085924,
        1.8107213329931255,
        1.8168399999849498,
        1.81939670900465,
        1.797856084012892,
        1.780904917017324
      ]
    },
    {
      "file": "ctype.ml",
      "native_median": 2.5891362910042517,
      "llvm_median": 2.713547709019622,
      "ratio": 1.0480513206074271,
      "native_times": [
        2.5969050409912597,
        2.568686874990817,
        2.5930711250111926,
        2.5891362910042517,
        2.567811624991009,
        2.583824833011022,
        2.5962435000110418
      ],
      "llvm_times": [
        2.7318078340031207,
        2.7210279580031056,
        2.6877177910064347,
        2.7056972910068,
        2.7176726659818087,
        2.687727582990192,
        2.713547709019622
      ]
    },
    {
      "file": "typecore.ml",
      "native_median": 4.929125583003042,
      "llvm_median": 5.197385332983686,
      "ratio": 1.054423395278399,
      "native_times": [
        4.965812415990513,
        4.929125583003042,
        4.91853016600362,
        4.9283464580075815,
        4.951897249993635,
        4.921136459015543,
        4.956994249980198
      ],
      "llvm_times": [
        5.251486458000727,
        5.18835750001017,
        5.216895749996183,
        5.213033167005051,
        5.197385332983686,
        5.18132083400269,
        5.185496625024825
      ]
    },
    {
      "file": "translcore.ml",
      "native_median": 1.3444575830071699,
      "llvm_median": 1.4199271250108723,
      "ratio": 1.0561338215184881,
      "native_times": [
        1.3338904170086607,
        1.3546347499941476,
        1.3528237499995157,
        1.3337100409844425,
        1.337247625022428,
        1.345222667005146,
        1.3444575830071699
      ],
      "llvm_times": [
        1.4345008330128621,
        1.4042507919948548,
        1.4199271250108723,
        1.4235132499889005,
        1.4062414999934845,
        1.4024043749959674,
        1.4351304589945357
      ]
    },
    {
      "file": "typemod.ml",
      "native_median": 1.5050292079977226,
      "llvm_median": 1.572142499993788,
      "ratio": 1.0445926840751167,
      "native_times": [
        1.49284125000122,
        1.5250355410098564,
        1.5050292079977226,
        1.4852686670201365,
        1.4906922089867294,
        1.5142860829946585,
        1.5243442920036614
      ],
      "llvm_times": [
        1.576218834001338,
        1.565402250009356,
        1.57817070899182,
        1.5935912499844562,
        1.5712312079849653,
        1.572142499993788,
        1.5675130840099882
      ]
    },
    {
      "file": "cfg_to_linear.ml",
      "native_median": 0.18248629200388677,
      "llvm_median": 0.2001590839936398,
      "ratio": 1.0968444905953627,
      "native_times": [
        0.18248629200388677,
        0.18016445799730718,
        0.17822366699692793,
        0.18321545800426975,
        0.18522625000332482,
        0.18447066599037498,
        0.18046337499981746
      ],
      "llvm_times": [
        0.2112978329823818,
        0.19129604098270647,
        0.19076316698919982,
        0.20111749999341555,
        0.2006755000038538,
        0.2001590839936398,
        0.19244462499045767
      ]
    },
    {
      "file": "cfg_selectgen.ml",
      "native_median": 0.5586892919964157,
      "llvm_median": 0.5948961249960121,
      "ratio": 1.0648067423490706,
      "native_times": [
        0.5583726250042673,
        0.5569520410208497,
        0.5586892919964157,
        0.5630228749942034,
        0.5573860830045305,
        0.5688310830155388,
        0.5760929579846561
      ],
      "llvm_times": [
        0.6040821250062436,
        0.5862477079790551,
        0.6069724159897305,
        0.5907279999810271,
        0.5837790420046076,
        0.5948961249960121,
        0.5961883330019191
      ]
    },
    {
      "file": "llvmize.ml",
      "native_median": 1.628701000008732,
      "llvm_median": 1.7276509999937844,
      "ratio": 1.0607539382517244,
      "native_times": [
        1.626322666008491,
        1.6299519159947522,
        1.6543317089963239,
        1.6542444579827134,
        1.628701000008732,
        1.6222870419733226,
        1.6261860000086017
      ],
      "llvm_times": [
        1.7330272079852875,
        1.7034989160019904,
        1.699836666986812,
        1.698779625003226,
        1.7276509999937844,
        1.7582879999827128,
        1.730411417025607
      ]
    },
    {
      "file": "regalloc_irc.ml",
      "native_median": 0.33336379198590294,
      "llvm_median": 0.3591339999984484,
      "ratio": 1.077303560350775,
      "native_times": [
        0.33671941701322794,
        0.33336379198590294,
        0.34028324999962933,
        0.3329492089978885,
        0.3311237499874551,
        0.3424782500078436,
        0.329642500000773
      ],
      "llvm_times": [
        0.3591339999984484,
        0.3603507080115378,
        0.350982167001348,
        0.3500806670053862,
        0.3653792910045013,
        0.371412499982398,
        0.3523423339938745
      ]
    }
  ],
  "geomean_ratio": 1.0617623320333043,
  "median_ratio": 1.0561338215184881,
  "min_ratio": 1.0445926840751167,
  "max_ratio": 1.0968444905953627
}
