{
  "pairs": 7,
  "native_compiler": "/Users/julesjacobs/git/oxcaml-llvm/agents/llvm-fast-path-roots-integration/oxcaml/_install/bin/ocamlopt.opt",
  "llvm_compiler": "/Users/julesjacobs/git/oxcaml-llvm/agents/llvm-fast-path-roots-integration/oxcaml/_llvm_self_stage_install/bin/ocamlopt.opt",
  "results": [
    {
      "file": "env.ml",
      "native_median": 1.5605469579750206,
      "llvm_median": 1.564375290996395,
      "ratio": 1.0024531995027834,
      "native_times": [
        1.5679539999982808,
        1.5565114589990117,
        1.5494393330009189,
        1.559537499997532,
        1.5636279580066912,
        1.5750809169840068,
        1.5605469579750206
      ],
      "llvm_times": [
        1.5600377919909079,
        1.564375290996395,
        1.556723832996795,
        1.5642403749807272,
        1.5736430840042885,
        1.5650674999924377,
        1.5685816670011263
      ]
    },
    {
      "file": "ctype.ml",
      "native_median": 2.367485791997751,
      "llvm_median": 2.366464958002325,
      "ratio": 0.9995688109306182,
      "native_times": [
        2.367485791997751,
        2.356500458990922,
        2.3656652079953346,
        2.3833615419862326,
        2.3887744160019793,
        2.3850676250003744,
        2.3591612500022165
      ],
      "llvm_times": [
        2.366464958002325,
        2.3679673750011716,
        2.352371375018265,
        2.374839708005311,
        2.3510856670036446,
        2.3898046250105835,
        2.3620022910181433
      ]
    },
    {
      "file": "typecore.ml",
      "native_median": 4.553853040997637,
      "llvm_median": 4.555192916013766,
      "ratio": 1.000294228865988,
      "native_times": [
        4.546970167022664,
        4.5412399169872515,
        4.555699167016428,
        4.5450606670056,
        4.553853040997637,
        4.5619163749797735,
        4.5592302909935825
      ],
      "llvm_times": [
        4.53040408299421,
        4.575928208010737,
        4.555192916013766,
        4.566370124986861,
        4.5544128750043456,
        4.569008041988127,
        4.552900208014762
      ]
    },
    {
      "file": "translcore.ml",
      "native_median": 1.263940000004368,
      "llvm_median": 1.2538187079771888,
      "ratio": 0.99199226859887,
      "native_times": [
        1.2653346250008326,
        1.2601279579976108,
        1.2625194170104805,
        1.2566281250037719,
        1.264462374994764,
        1.263940000004368,
        1.2696567079983652
      ],
      "llvm_times": [
        1.2620855839923024,
        1.2576095830008853,
        1.2539954590029083,
        1.2502355829929002,
        1.2518225829990115,
        1.2538187079771888,
        1.2524479170097038
      ]
    },
    {
      "file": "typemod.ml",
      "native_median": 1.3781487079977524,
      "llvm_median": 1.3866590000106953,
      "ratio": 1.0061751623489943,
      "native_times": [
        1.3737116669944953,
        1.3781487079977524,
        1.3808187909889966,
        1.3903257079946343,
        1.3718080420221668,
        1.3797030409914441,
        1.3763300830032676
      ],
      "llvm_times": [
        1.3961345000134315,
        1.3887047919852193,
        1.3824592499877326,
        1.3866590000106953,
        1.3854680420190562,
        1.3857860840216745,
        1.387509250023868
      ]
    },
    {
      "file": "cfg_to_linear.ml",
      "native_median": 0.160770666989265,
      "llvm_median": 0.16773108299821615,
      "ratio": 1.0432940668798487,
      "native_times": [
        0.16384416702203453,
        0.1617412919877097,
        0.15933512500487268,
        0.160770666989265,
        0.16035249998094514,
        0.15964570798678324,
        0.17498591699404642
      ],
      "llvm_times": [
        0.1695578749931883,
        0.16773108299821615,
        0.16814937500748783,
        0.16701504198135808,
        0.16603875000146218,
        0.16730833300971426,
        0.1678728749975562
      ]
    },
    {
      "file": "cfg_selectgen.ml",
      "native_median": 0.518173000018578,
      "llvm_median": 0.5217645420052577,
      "ratio": 1.0069311638903433,
      "native_times": [
        0.5139379590109456,
        0.518173000018578,
        0.5185792080010287,
        0.5282635840121657,
        0.5124862089869566,
        0.5281920410052408,
        0.5163189170125406
      ],
      "llvm_times": [
        0.5356721670250408,
        0.5290057499951217,
        0.5590983330039307,
        0.5217645420052577,
        0.5199041249870788,
        0.5209120000072289,
        0.5203597499930765
      ]
    },
    {
      "file": "llvmize.ml",
      "native_median": 1.472913667006651,
      "llvm_median": 1.4777021659829188,
      "ratio": 1.003251038457671,
      "native_times": [
        1.472913667006651,
        1.4798818330164067,
        1.4650168750085868,
        1.4765578329970594,
        1.47289229099988,
        1.4735582090215757,
        1.4689302920014597
      ],
      "llvm_times": [
        1.4763987920014188,
        1.4952058750204742,
        1.4815924580034334,
        1.4808626660087612,
        1.4777021659829188,
        1.4723528340109624,
        1.4727070840017404
      ]
    },
    {
      "file": "regalloc_irc.ml",
      "native_median": 0.3060285829997156,
      "llvm_median": 0.3115527500049211,
      "ratio": 1.0180511472198355,
      "native_times": [
        0.31532600001082756,
        0.3048678749764804,
        0.3060285829997156,
        0.3068980840034783,
        0.30607408299692906,
        0.30470450001303107,
        0.30463683302514255
      ],
      "llvm_times": [
        0.31329020802513696,
        0.3080023329821415,
        0.3246937920048367,
        0.31037704198388383,
        0.3115527500049211,
        0.31231658297474496,
        0.3086074579914566
      ]
    }
  ],
  "geomean_ratio": 1.0079039129545448,
  "median_ratio": 1.003251038457671,
  "min_ratio": 0.99199226859887,
  "max_ratio": 1.0432940668798487
}
