{
  "pairs": 7,
  "native_compiler": "/Users/julesjacobs/git/oxcaml-llvm/agents/llvm-fast-path-roots-integration/oxcaml/_install/bin/ocamlopt.opt",
  "llvm_compiler": "/Users/julesjacobs/git/oxcaml-llvm/agents/llvm-fast-path-roots-integration/oxcaml/_llvm_self_stage_install/bin/ocamlopt.opt",
  "results": [
    {
      "file": "env.ml",
      "native_median": 1.8470357500191312,
      "llvm_median": 1.850522082997486,
      "ratio": 1.0018875286947309,
      "native_times": [
        1.9831302080128808,
        1.8200364589865785,
        1.8364721669931896,
        1.8470357500191312,
        1.8341864999965765,
        1.8538448330073152,
        1.8586637090193108
      ],
      "llvm_times": [
        1.8852012920251582,
        1.8327508329821285,
        1.846021125005791,
        1.850522082997486,
        1.831378709001001,
        1.8581301670055836,
        1.874485791020561
      ]
    },
    {
      "file": "ctype.ml",
      "native_median": 2.8489919579878915,
      "llvm_median": 2.8523907079943456,
      "ratio": 1.001192965812671,
      "native_times": [
        2.8383704170119017,
        2.812283542007208,
        2.8316317080170847,
        2.8606261659879237,
        2.8709239159943536,
        2.8525320830231067,
        2.8489919579878915
      ],
      "llvm_times": [
        2.847279667010298,
        2.8353273749817163,
        2.865672749991063,
        2.8740279999910854,
        2.845785750017967,
        2.8523907079943456,
        2.864044041984016
      ]
    },
    {
      "file": "typecore.ml",
      "native_median": 5.43524449999677,
      "llvm_median": 5.433464667003136,
      "ratio": 0.999672538559464,
      "native_times": [
        5.464367415988818,
        5.4015462920069695,
        5.4221069590130355,
        5.446074790990679,
        5.41282162501011,
        5.43524449999677,
        5.488188791001448
      ],
      "llvm_times": [
        5.433464667003136,
        5.411692333000246,
        5.421602249989519,
        5.46920650001266,
        5.45113520900486,
        5.479317416000413,
        5.400466625025729
      ]
    },
    {
      "file": "translcore.ml",
      "native_median": 1.4659954590024427,
      "llvm_median": 1.4691552500007674,
      "ratio": 1.0021553893492106,
      "native_times": [
        1.476642499997979,
        1.4827278750017285,
        1.4679497499892022,
        1.462654000002658,
        1.4601272089930717,
        1.4599865839991253,
        1.4659954590024427
      ],
      "llvm_times": [
        1.4745986249763519,
        1.4799663750163745,
        1.4539334159926511,
        1.4495274579967372,
        1.4729004999971949,
        1.4515306660032365,
        1.4691552500007674
      ]
    },
    {
      "file": "typemod.ml",
      "native_median": 1.6198278329975437,
      "llvm_median": 1.623798042011913,
      "ratio": 1.0024510067881858,
      "native_times": [
        1.6384167920041364,
        1.6546875829808414,
        1.6067894590087235,
        1.613099209003849,
        1.6160585419856943,
        1.6198278329975437,
        1.625795833999291
      ],
      "llvm_times": [
        1.6372630830155686,
        1.6212374579918105,
        1.6353067500167526,
        1.6234749159775674,
        1.628646207973361,
        1.623798042011913,
        1.6079383330070414
      ]
    },
    {
      "file": "cfg_to_linear.ml",
      "native_median": 0.1926847500144504,
      "llvm_median": 0.1998845420021098,
      "ratio": 1.0373656554922974,
      "native_times": [
        0.20958437499939464,
        0.19261333299800754,
        0.1926847500144504,
        0.1946416249847971,
        0.1940912499849219,
        0.19166675000451505,
        0.19087954200222157
      ],
      "llvm_times": [
        0.21021595899946988,
        0.19956341700162739,
        0.1997126660135109,
        0.20134099997812882,
        0.20156395802041516,
        0.1998845420021098,
        0.19900933298049495
      ]
    },
    {
      "file": "cfg_selectgen.ml",
      "native_median": 0.6037842500081751,
      "llvm_median": 0.6095649170165416,
      "ratio": 1.0095740606156722,
      "native_times": [
        0.6122994170000311,
        0.5992384999990463,
        0.6019239579909481,
        0.6056270829867572,
        0.6037842500081751,
        0.6040952499897685,
        0.5977483329770621
      ],
      "llvm_times": [
        0.6131900000036694,
        0.6069270830194,
        0.6099784169928171,
        0.606250209006248,
        0.6095649170165416,
        0.6122360000154004,
        0.6090588749793824
      ]
    },
    {
      "file": "llvmize.ml",
      "native_median": 1.7562229589966591,
      "llvm_median": 1.762423417007085,
      "ratio": 1.003530564259317,
      "native_times": [
        1.7873149999941234,
        1.7509710410085972,
        1.7547396660083905,
        1.759394374996191,
        1.7562229589966591,
        1.7524680419883225,
        1.7701247920049354
      ],
      "llvm_times": [
        1.810111541999504,
        1.7722622089786455,
        1.7491524580109399,
        1.7598019579891115,
        1.762423417007085,
        1.7486824580118991,
        1.7764459589961916
      ]
    },
    {
      "file": "regalloc_irc.ml",
      "native_median": 0.3614932500058785,
      "llvm_median": 0.3683589579886757,
      "ratio": 1.0189926312114694,
      "native_times": [
        0.36698437499580905,
        0.36019829200813547,
        0.3607968330034055,
        0.3631032499833964,
        0.36102400001254864,
        0.3614932500058785,
        0.3621939589793328
      ],
      "llvm_times": [
        0.3685603330086451,
        0.37877012498211116,
        0.3679941250011325,
        0.3701524580246769,
        0.36640041699865833,
        0.3683589579886757,
        0.3676926670013927
      ]
    }
  ],
  "geomean_ratio": 1.0084693786438186,
  "median_ratio": 1.0024510067881858,
  "min_ratio": 0.999672538559464,
  "max_ratio": 1.0373656554922974
}
