{
  "_aggregate": {
    "cases": 6,
    "geomean_ratio_llvm_over_native": 2.5288600738927065,
    "max_ratio_llvm_over_native": 10.44634687503062,
    "median_ratio_llvm_over_native": 1.9169516609956405,
    "min_ratio_llvm_over_native": 0.8659824655023342
  },
  "closure_call_in_try_hit": {
    "asm": {
      "llvm": {
        "branch_refs": 27,
        "c_call_wrapper_refs": 13,
        "lines": 1246,
        "recover_rbp_refs": 3,
        "string_compare_refs": 0,
        "string_equal_refs": 0,
        "wrap_try_refs": 4
      },
      "native": {
        "branch_refs": 22,
        "c_call_wrapper_refs": 0,
        "lines": 799,
        "recover_rbp_refs": 0,
        "string_compare_refs": 0,
        "string_equal_refs": 0,
        "wrap_try_refs": 0
      }
    },
    "median": {
      "llvm": 0.14110304199857637,
      "native": 0.07231308397604153
    },
    "n": 3000000,
    "output": "361476064",
    "ratio_llvm_over_native": 1.951279550535088,
    "reps": 15,
    "samples": {
      "llvm": [
        0.14176249998854473,
        0.1404395419813227,
        0.14076454198220745,
        0.14110304199857637,
        0.14049179101129994,
        0.14259554198361002,
        0.14183904201490805
      ],
      "native": [
        0.07286600000225008,
        0.07307266601128504,
        0.07267783398856409,
        0.0710124579782132,
        0.07214870900497772,
        0.07231308397604153,
        0.07204012500005774
      ]
    }
  },
  "direct_call_in_try_hit": {
    "asm": {
      "llvm": {
        "branch_refs": 22,
        "c_call_wrapper_refs": 13,
        "lines": 1133,
        "recover_rbp_refs": 3,
        "string_compare_refs": 0,
        "string_equal_refs": 0,
        "wrap_try_refs": 4
      },
      "native": {
        "branch_refs": 22,
        "c_call_wrapper_refs": 0,
        "lines": 751,
        "recover_rbp_refs": 0,
        "string_compare_refs": 0,
        "string_equal_refs": 0,
        "wrap_try_refs": 0
      }
    },
    "median": {
      "llvm": 0.08907033302239142,
      "native": 0.05320079100783914
    },
    "n": 3000000,
    "output": "361476064",
    "ratio_llvm_over_native": 1.6742294867244907,
    "reps": 15,
    "samples": {
      "llvm": [
        0.08916241698898375,
        0.08903299999656156,
        0.08946970899705775,
        0.08870508300606161,
        0.08907033302239142,
        0.08888666701386683,
        0.08922608301509172
      ],
      "native": [
        0.054355082975234836,
        0.05529266697703861,
        0.05308058299124241,
        0.05282508299569599,
        0.05491674999939278,
        0.05320079100783914,
        0.0531250829808414
      ]
    }
  },
  "string_equal_guarded_dispatch": {
    "asm": {
      "llvm": {
        "branch_refs": 29,
        "c_call_wrapper_refs": 13,
        "lines": 1308,
        "recover_rbp_refs": 0,
        "string_compare_refs": 0,
        "string_equal_refs": 9,
        "wrap_try_refs": 0
      },
      "native": {
        "branch_refs": 24,
        "c_call_wrapper_refs": 0,
        "lines": 911,
        "recover_rbp_refs": 0,
        "string_compare_refs": 0,
        "string_equal_refs": 5,
        "wrap_try_refs": 0
      }
    },
    "median": {
      "llvm": 0.2648523749958258,
      "native": 0.14068258300540037
    },
    "n": 1000000,
    "output": "70000006",
    "ratio_llvm_over_native": 1.8826237714561933,
    "reps": 20,
    "samples": {
      "llvm": [
        0.2638532090059016,
        0.26491441699909046,
        0.262790333974408,
        0.2623287909955252,
        0.27128325001103804,
        0.2648523749958258,
        0.27203491699765436
      ],
      "native": [
        0.13498050000634976,
        0.14068258300540037,
        0.13650083399261348,
        0.1449445839971304,
        0.1471409590158146,
        0.1370040410256479,
        0.14951187500264496
      ]
    }
  },
  "variant_dispatch_with_int_payload": {
    "asm": {
      "llvm": {
        "branch_refs": 22,
        "c_call_wrapper_refs": 5,
        "lines": 1017,
        "recover_rbp_refs": 0,
        "string_compare_refs": 0,
        "string_equal_refs": 0,
        "wrap_try_refs": 0
      },
      "native": {
        "branch_refs": 23,
        "c_call_wrapper_refs": 0,
        "lines": 803,
        "recover_rbp_refs": 0,
        "string_compare_refs": 0,
        "string_equal_refs": 0,
        "wrap_try_refs": 0
      }
    },
    "median": {
      "llvm": 1.1314264159882441,
      "native": 0.10830833300133236
    },
    "n": 4000000,
    "output": "176000000",
    "ratio_llvm_over_native": 10.44634687503062,
    "reps": 20,
    "samples": {
      "llvm": [
        1.139559792005457,
        1.1431966660020407,
        1.1442223330086563,
        1.1253118329914287,
        1.1275206670106854,
        1.1273432080051862,
        1.1314264159882441
      ],
      "native": [
        0.11237816698849201,
        0.10690545898978598,
        0.1094754169753287,
        0.10766091701225378,
        0.10914775001583621,
        0.10830833300133236,
        0.10715479200007394
      ]
    }
  },
  "variant_dispatch_with_int_payload_inline": {
    "asm": {
      "llvm": {
        "branch_refs": 26,
        "c_call_wrapper_refs": 5,
        "lines": 993,
        "recover_rbp_refs": 0,
        "string_compare_refs": 0,
        "string_equal_refs": 0,
        "wrap_try_refs": 0
      },
      "native": {
        "branch_refs": 29,
        "c_call_wrapper_refs": 0,
        "lines": 776,
        "recover_rbp_refs": 0,
        "string_compare_refs": 0,
        "string_equal_refs": 0,
        "wrap_try_refs": 0
      }
    },
    "median": {
      "llvm": 0.06593825001618825,
      "native": 0.07614270801423118
    },
    "n": 4000000,
    "output": "176000000",
    "ratio_llvm_over_native": 0.8659824655023342,
    "reps": 20,
    "samples": {
      "llvm": [
        0.06607562498538755,
        0.06593825001618825,
        0.06587812499492429,
        0.06623520801076666,
        0.0658705829991959,
        0.06651029200293124,
        0.06566179200308397
      ],
      "native": [
        0.07662462498410605,
        0.07614270801423118,
        0.07586841698503122,
        0.07620254199719056,
        0.0758521250099875,
        0.0761362079938408,
        0.07646995800314471
      ]
    }
  },
  "variant_dispatch_with_string_payload": {
    "asm": {
      "llvm": {
        "branch_refs": 32,
        "c_call_wrapper_refs": 13,
        "lines": 1252,
        "recover_rbp_refs": 0,
        "string_compare_refs": 6,
        "string_equal_refs": 5,
        "wrap_try_refs": 0
      },
      "native": {
        "branch_refs": 23,
        "c_call_wrapper_refs": 0,
        "lines": 877,
        "recover_rbp_refs": 0,
        "string_compare_refs": 2,
        "string_equal_refs": 1,
        "wrap_try_refs": 0
      }
    },
    "median": {
      "llvm": 0.2565188330190722,
      "native": 0.05456849999609403
    },
    "n": 900000,
    "output": "39600000",
    "ratio_llvm_over_native": 4.70085915935812,
    "reps": 20,
    "samples": {
      "llvm": [
        0.26121208400581963,
        0.25613008299842477,
        0.2598330420150887,
        0.25660562500706874,
        0.25608237501000986,
        0.2565188330190722,
        0.25571383399073966
      ],
      "native": [
        0.05744599999161437,
        0.05525900001521222,
        0.05456849999609403,
        0.05300516600254923,
        0.05293333300505765,
        0.05932395800482482,
        0.05446854201727547
      ]
    }
  }
}
