{
  "_aggregate": {
    "cases": 8,
    "geomean_ratio_llvm_over_native": 1.6480670852787034,
    "max_ratio_llvm_over_native": 4.861127693231807,
    "median_ratio_llvm_over_native": 1.343801065612129,
    "min_ratio_llvm_over_native": 1.168098096054624
  },
  "closure_call_in_try_hit": {
    "asm": {
      "llvm": {
        "branch_refs": 27,
        "c_call_wrapper_refs": 13,
        "lines": 1288,
        "recover_rbp_refs": 10,
        "string_compare_refs": 0,
        "string_equal_refs": 0,
        "wrap_try_refs": 4
      },
      "native": {
        "branch_refs": 22,
        "c_call_wrapper_refs": 0,
        "lines": 799,
        "recover_rbp_refs": 0,
        "string_compare_refs": 0,
        "string_equal_refs": 0,
        "wrap_try_refs": 0
      }
    },
    "median": {
      "llvm": 0.09785462499712594,
      "native": 0.07327395799802616
    },
    "n": 3000000,
    "output": "361476064",
    "ratio_llvm_over_native": 1.3354625254413297,
    "reps": 15,
    "samples": {
      "llvm": [
        0.09686745799263008,
        0.0979598330159206,
        0.09793937500216998,
        0.097171375004109,
        0.09585195800173096,
        0.09785462499712594,
        0.09857270898646675
      ],
      "native": [
        0.07274758399580605,
        0.07382087499718182,
        0.07327395799802616,
        0.0731816670158878,
        0.07292458400479518,
        0.0739335420075804,
        0.07392795800114982
      ]
    }
  },
  "direct_call_in_try_hit": {
    "asm": {
      "llvm": {
        "branch_refs": 24,
        "c_call_wrapper_refs": 13,
        "lines": 1207,
        "recover_rbp_refs": 10,
        "string_compare_refs": 0,
        "string_equal_refs": 0,
        "wrap_try_refs": 4
      },
      "native": {
        "branch_refs": 22,
        "c_call_wrapper_refs": 0,
        "lines": 751,
        "recover_rbp_refs": 0,
        "string_compare_refs": 0,
        "string_equal_refs": 0,
        "wrap_try_refs": 0
      }
    },
    "median": {
      "llvm": 0.0993621250090655,
      "native": 0.05674820800777525
    },
    "n": 3000000,
    "output": "361476064",
    "ratio_llvm_over_native": 1.7509297385293925,
    "reps": 15,
    "samples": {
      "llvm": [
        0.0993621250090655,
        0.09960350001347251,
        0.0986214589793235,
        0.0993377499980852,
        0.10106966702733189,
        0.09786787501070648,
        0.10250787500990555
      ],
      "native": [
        0.05785500002093613,
        0.06079966700053774,
        0.05614783399505541,
        0.05461187500623055,
        0.056493750016670674,
        0.0588563330238685,
        0.05674820800777525
      ]
    }
  },
  "hash_lookup_string_equal": {
    "asm": {
      "llvm": {
        "branch_refs": 38,
        "c_call_wrapper_refs": 25,
        "lines": 1989,
        "recover_rbp_refs": 0,
        "string_compare_refs": 0,
        "string_equal_refs": 5,
        "wrap_try_refs": 0
      },
      "native": {
        "branch_refs": 35,
        "c_call_wrapper_refs": 0,
        "lines": 1093,
        "recover_rbp_refs": 0,
        "string_compare_refs": 0,
        "string_equal_refs": 1,
        "wrap_try_refs": 0
      }
    },
    "median": {
      "llvm": 0.8541944580210838,
      "native": 0.7129868749761954
    },
    "n": 800000,
    "output": "248000000",
    "ratio_llvm_over_native": 1.1980507467961496,
    "reps": 20,
    "samples": {
      "llvm": [
        0.865174541977467,
        0.8705894169979729,
        0.8510522920114454,
        0.8306922079937067,
        0.8539939999755006,
        0.8580091249896213,
        0.8541944580210838
      ],
      "native": [
        0.731168832979165,
        0.7129868749761954,
        0.6970520000031684,
        0.7347861670132261,
        0.7080682500090916,
        0.7396507920057047,
        0.7103446669934783
      ]
    }
  },
  "string_equal_guarded_dispatch": {
    "asm": {
      "llvm": {
        "branch_refs": 24,
        "c_call_wrapper_refs": 13,
        "lines": 1306,
        "recover_rbp_refs": 0,
        "string_compare_refs": 0,
        "string_equal_refs": 9,
        "wrap_try_refs": 0
      },
      "native": {
        "branch_refs": 24,
        "c_call_wrapper_refs": 0,
        "lines": 911,
        "recover_rbp_refs": 0,
        "string_compare_refs": 0,
        "string_equal_refs": 5,
        "wrap_try_refs": 0
      }
    },
    "median": {
      "llvm": 0.2597764160018414,
      "native": 0.13502170800347812
    },
    "n": 1000000,
    "output": "70000006",
    "ratio_llvm_over_native": 1.923960375283874,
    "reps": 20,
    "samples": {
      "llvm": [
        0.2578837500186637,
        0.2615365830133669,
        0.2591692919959314,
        0.2597764160018414,
        0.26227062501129694,
        0.2582195410213899,
        0.2641493750270456
      ],
      "native": [
        0.13502170800347812,
        0.13361070799874142,
        0.14298820801195689,
        0.13474649999989197,
        0.1288600830012001,
        0.14355262499884702,
        0.13944083300884813
      ]
    }
  },
  "string_map_equal_content": {
    "asm": {
      "llvm": {
        "branch_refs": 385,
        "c_call_wrapper_refs": 43,
        "lines": 9330,
        "recover_rbp_refs": 0,
        "string_compare_refs": 16,
        "string_equal_refs": 0,
        "wrap_try_refs": 0
      },
      "native": {
        "branch_refs": 288,
        "c_call_wrapper_refs": 0,
        "lines": 5180,
        "recover_rbp_refs": 0,
        "string_compare_refs": 12,
        "string_equal_refs": 0,
        "wrap_try_refs": 0
      }
    },
    "median": {
      "llvm": 0.3171605839743279,
      "native": 0.2715187919966411
    },
    "n": 450000,
    "output": "187593764",
    "ratio_llvm_over_native": 1.168098096054624,
    "reps": 20,
    "samples": {
      "llvm": [
        0.32767462500487454,
        0.3357348339923192,
        0.310643374978099,
        0.307629042014014,
        0.3148185830214061,
        0.3216521249851212,
        0.3171605839743279
      ],
      "native": [
        0.2875523330003489,
        0.2676366669766139,
        0.28806525000254624,
        0.28026712499558926,
        0.26335616601863876,
        0.2715187919966411,
        0.26633062498876825
      ]
    }
  },
  "string_tree_prefix_heavy": {
    "asm": {
      "llvm": {
        "branch_refs": 45,
        "c_call_wrapper_refs": 31,
        "lines": 2735,
        "recover_rbp_refs": 0,
        "string_compare_refs": 5,
        "string_equal_refs": 0,
        "wrap_try_refs": 0
      },
      "native": {
        "branch_refs": 31,
        "c_call_wrapper_refs": 0,
        "lines": 1429,
        "recover_rbp_refs": 0,
        "string_compare_refs": 1,
        "string_equal_refs": 0,
        "wrap_try_refs": 0
      }
    },
    "median": {
      "llvm": 0.4647031250060536,
      "native": 0.35333458401146345
    },
    "n": 500000,
    "output": "296716039",
    "ratio_llvm_over_native": 1.3151928682729142,
    "reps": 20,
    "samples": {
      "llvm": [
        0.42752441597986035,
        0.4287272499932442,
        0.43153462500777096,
        0.5152749170083553,
        0.4685914169822354,
        0.4647031250060536,
        0.474296417000005
      ],
      "native": [
        0.36449416700634174,
        0.3916782079904806,
        0.40201383299427107,
        0.3429407500079833,
        0.35002633300609887,
        0.3504740830103401,
        0.35333458401146345
      ]
    }
  },
  "try_with_string_compare_hit": {
    "asm": {
      "llvm": {
        "branch_refs": 55,
        "c_call_wrapper_refs": 39,
        "lines": 3094,
        "recover_rbp_refs": 10,
        "string_compare_refs": 5,
        "string_equal_refs": 0,
        "wrap_try_refs": 4
      },
      "native": {
        "branch_refs": 35,
        "c_call_wrapper_refs": 0,
        "lines": 1504,
        "recover_rbp_refs": 0,
        "string_compare_refs": 1,
        "string_equal_refs": 0,
        "wrap_try_refs": 0
      }
    },