{
  "_aggregate": {
    "cases": 3,
    "geomean_ratio_llvm_over_native": 2.245886448624911,
    "max_ratio_llvm_over_native": 4.668303021998289,
    "median_ratio_llvm_over_native": 2.083792700843574,
    "min_ratio_llvm_over_native": 1.164527725986988
  },
  "hash_lookup_string_equal": {
    "asm": {
      "llvm": {
        "branch_refs": 40,
        "c_call_wrapper_refs": 25,
        "lines": 1914,
        "recover_rbp_refs": 0,
        "string_compare_refs": 0,
        "string_equal_refs": 5,
        "wrap_try_refs": 0
      },
      "native": {
        "branch_refs": 35,
        "c_call_wrapper_refs": 0,
        "lines": 1093,
        "recover_rbp_refs": 0,
        "string_compare_refs": 0,
        "string_equal_refs": 1,
        "wrap_try_refs": 0
      }
    },
    "median": {
      "llvm": 0.771171125001274,
      "native": 0.6622179170080926
    },
    "n": 800000,
    "output": "248000000",
    "ratio_llvm_over_native": 1.164527725986988,
    "reps": 20,
    "samples": {
      "llvm": [
        0.7732777910132427,
        0.7814285419881344,
        0.7865042919875123,
        0.771171125001274,
        0.7517215000116266,
        0.7536384999984875,
        0.7610296250204556
      ],
      "native": [
        0.6552345830132253,
        0.6674222919973545,
        0.6689053750014864,
        0.6408161669969559,
        0.6622179170080926,
        0.6376354579988401,
        0.66582995801582
      ]
    }
  },
  "string_equal_guarded_dispatch": {
    "asm": {
      "llvm": {
        "branch_refs": 39,
        "c_call_wrapper_refs": 5,
        "lines": 1211,
        "recover_rbp_refs": 0,
        "string_compare_refs": 0,
        "string_equal_refs": 0,
        "wrap_try_refs": 0
      },
      "native": {
        "branch_refs": 24,
        "c_call_wrapper_refs": 0,
        "lines": 911,
        "recover_rbp_refs": 0,
        "string_compare_refs": 0,
        "string_equal_refs": 5,
        "wrap_try_refs": 0
      }
    },
    "median": {
      "llvm": 0.269884582987288,
      "native": 0.12951604201225564
    },
    "n": 1000000,
    "output": "70000006",
    "ratio_llvm_over_native": 2.083792700843574,
    "reps": 20,
    "samples": {
      "llvm": [
        0.26971537500503473,
        0.2709698750113603,
        0.2692943329748232,
        0.269884582987288,
        0.27290895802434534,
        0.27803591699921526,
        0.26783875000546686
      ],
      "native": [
        0.14186050000716932,
        0.12158704097964801,
        0.12951604201225564,
        0.12909266698989086,
        0.12564179199398495,
        0.1403684999968391,
        0.13810516698868014
      ]
    }
  },
  "variant_dispatch_with_string_payload": {
    "asm": {
      "llvm": {
        "branch_refs": 34,
        "c_call_wrapper_refs": 9,
        "lines": 1222,
        "recover_rbp_refs": 0,
        "string_compare_refs": 6,
        "string_equal_refs": 0,
        "wrap_try_refs": 0
      },
      "native": {
        "branch_refs": 23,
        "c_call_wrapper_refs": 0,
        "lines": 877,
        "recover_rbp_refs": 0,
        "string_compare_refs": 2,
        "string_equal_refs": 1,
        "wrap_try_refs": 0
      }
    },
    "median": {
      "llvm": 0.24217250000219792,
      "native": 0.05187591697904281
    },
    "n": 900000,
    "output": "39600000",
    "ratio_llvm_over_native": 4.668303021998289,
    "reps": 20,
    "samples": {
      "llvm": [
        0.2438756669871509,
        0.24217250000219792,
        0.24397091698483564,
        0.24412845802726224,
        0.24051587498979643,
        0.23935695900581777,
        0.24180795802385546
      ],
      "native": [
        0.054700916982255876,
        0.05187591697904281,
        0.05274308400112204,
        0.050753792020259425,
        0.04994020800222643,
        0.052900500013493,
        0.05118499998934567
      ]
    }
  }
}
