{
  "_aggregate": {
    "cases": 3,
    "geomean_ratio_llvm_over_native": 2.017084811640476,
    "max_ratio_llvm_over_native": 4.758885458804268,
    "median_ratio_llvm_over_native": 2.0149100772123196,
    "min_ratio_llvm_over_native": 0.8558773962870136
  },
  "hash_lookup_string_equal": {
    "asm": {
      "llvm": {
        "branch_refs": 49,
        "c_call_wrapper_refs": 25,
        "lines": 1970,
        "recover_rbp_refs": 0,
        "string_compare_refs": 0,
        "string_equal_refs": 5,
        "wrap_try_refs": 0
      },
      "native": {
        "branch_refs": 35,
        "c_call_wrapper_refs": 0,
        "lines": 1093,
        "recover_rbp_refs": 0,
        "string_compare_refs": 0,
        "string_equal_refs": 1,
        "wrap_try_refs": 0
      }
    },
    "median": {
      "llvm": 0.5660620830021799,
      "native": 0.661382209014846
    },
    "n": 800000,
    "output": "248000000",
    "ratio_llvm_over_native": 0.8558773962870136,
    "reps": 20,
    "samples": {
      "llvm": [
        0.5510579580150079,
        0.5660620830021799,
        0.5638159160153009,
        0.5640769999881741,
        0.5735910410003271,
        0.5806557500036433,
        0.5882779579842463
      ],
      "native": [
        0.661382209014846,
        0.6758053750090767,
        0.6610167089966126,
        0.6570286250207573,
        0.6609975419996772,
        0.6980114159814548,
        0.6962109169980977
      ]
    }
  },
  "string_equal_guarded_dispatch": {
    "asm": {
      "llvm": {
        "branch_refs": 71,
        "c_call_wrapper_refs": 13,
        "lines": 1568,
        "recover_rbp_refs": 0,
        "string_compare_refs": 0,
        "string_equal_refs": 9,
        "wrap_try_refs": 0
      },
      "native": {
        "branch_refs": 24,
        "c_call_wrapper_refs": 0,
        "lines": 911,
        "recover_rbp_refs": 0,
        "string_compare_refs": 0,
        "string_equal_refs": 5,
        "wrap_try_refs": 0
      }
    },
    "median": {
      "llvm": 0.2730847079947125,
      "native": 0.13553195801796392
    },
    "n": 1000000,
    "output": "70000006",
    "ratio_llvm_over_native": 2.0149100772123196,
    "reps": 20,
    "samples": {
      "llvm": [
        0.27185616601491347,
        0.27352824999252334,
        0.2730847079947125,
        0.27188050001859665,
        0.2770616250054445,
        0.27298433298710734,
        0.2746837080048863
      ],
      "native": [
        0.12973862499347888,
        0.1291293329850305,
        0.13630195902078412,
        0.13000933302100748,
        0.1390852500044275,
        0.13767266599461436,
        0.13553195801796392
      ]
    }
  },
  "variant_dispatch_with_string_payload": {
    "asm": {
      "llvm": {
        "branch_refs": 41,
        "c_call_wrapper_refs": 13,
        "lines": 1309,
        "recover_rbp_refs": 0,
        "string_compare_refs": 6,
        "string_equal_refs": 5,
        "wrap_try_refs": 0
      },
      "native": {
        "branch_refs": 23,
        "c_call_wrapper_refs": 0,
        "lines": 877,
        "recover_rbp_refs": 0,
        "string_compare_refs": 2,
        "string_equal_refs": 1,
        "wrap_try_refs": 0
      }
    },
    "median": {
      "llvm": 0.24662487499881536,
      "native": 0.05182408299879171
    },
    "n": 900000,
    "output": "39600000",
    "ratio_llvm_over_native": 4.758885458804268,
    "reps": 20,
    "samples": {
      "llvm": [
        0.24492520801140927,
        0.24720800001523457,
        0.24561408298905008,
        0.24672087500221096,
        0.24568545797956176,
        0.24699079201673158,
        0.24662487499881536
      ],
      "native": [
        0.05211612500716001,
        0.051799749984638765,
        0.05182408299879171,
        0.05402337500709109,
        0.052525000006426126,
        0.050130916002672166,
        0.051671958004590124
      ]
    }
  }
}
