{
  "_aggregate": {
    "cases": 3,
    "geomean_ratio_llvm_over_native": 3.4411475348048817,
    "max_ratio_llvm_over_native": 10.239529935038817,
    "median_ratio_llvm_over_native": 4.614891884942262,
    "min_ratio_llvm_over_native": 0.8623197389797634
  },
  "variant_dispatch_with_int_payload": {
    "asm": {
      "llvm": {
        "branch_refs": 22,
        "c_call_wrapper_refs": 5,
        "lines": 1057,
        "recover_rbp_refs": 0,
        "string_compare_refs": 0,
        "string_equal_refs": 0,
        "wrap_try_refs": 0
      },
      "native": {
        "branch_refs": 23,
        "c_call_wrapper_refs": 0,
        "lines": 803,
        "recover_rbp_refs": 0,
        "string_compare_refs": 0,
        "string_equal_refs": 0,
        "wrap_try_refs": 0
      }
    },
    "median": {
      "llvm": 1.099790792010026,
      "native": 0.10740637499839067
    },
    "n": 4000000,
    "output": "176000000",
    "ratio_llvm_over_native": 10.239529935038817,
    "reps": 20,
    "samples": {
      "llvm": [
        1.0954129169986118,
        1.0853312500112224,
        1.0851091250078753,
        1.0837777499982622,
        1.1023189580009785,
        1.104470666992711,
        1.1017985829967074,
        1.1022163330053445,
        1.099790792010026
      ],
      "native": [
        0.10726379201514646,
        0.11155208299169317,
        0.11069920801674016,
        0.10810420798952691,
        0.10740637499839067,
        0.1086780000186991,
        0.10733295802492648,
        0.10682083299616352,
        0.10675216600066051
      ]
    }
  },
  "variant_dispatch_with_int_payload_inline": {
    "asm": {
      "llvm": {
        "branch_refs": 26,
        "c_call_wrapper_refs": 5,
        "lines": 1019,
        "recover_rbp_refs": 0,
        "string_compare_refs": 0,
        "string_equal_refs": 0,
        "wrap_try_refs": 0
      },
      "native": {
        "branch_refs": 29,
        "c_call_wrapper_refs": 0,
        "lines": 776,
        "recover_rbp_refs": 0,
        "string_compare_refs": 0,
        "string_equal_refs": 0,
        "wrap_try_refs": 0
      }
    },
    "median": {
      "llvm": 0.06586020899703726,
      "native": 0.07637562497984618
    },
    "n": 4000000,
    "output": "176000000",
    "ratio_llvm_over_native": 0.8623197389797634,
    "reps": 20,
    "samples": {
      "llvm": [
        0.06524929098668508,
        0.06510441700811498,
        0.06547141599003226,
        0.06586020899703726,
        0.06623212501290254,
        0.06643424998037517,
        0.06648799998220056,
        0.06572824998875149,
        0.06675145900226198
      ],
      "native": [
        0.07584320800378919,
        0.07602974999463186,
        0.0753914579981938,
        0.07616604201029986,
        0.07704908301820979,
        0.07652779199997894,
        0.07702108399826102,
        0.07637562497984618,
        0.07679674998507835
      ]
    }
  },
  "variant_dispatch_with_string_payload": {
    "asm": {
      "llvm": {
        "branch_refs": 32,
        "c_call_wrapper_refs": 13,
        "lines": 1306,
        "recover_rbp_refs": 0,
        "string_compare_refs": 6,
        "string_equal_refs": 5,
        "wrap_try_refs": 0
      },
      "native": {
        "branch_refs": 23,
        "c_call_wrapper_refs": 0,
        "lines": 877,
        "recover_rbp_refs": 0,
        "string_compare_refs": 2,
        "string_equal_refs": 1,
        "wrap_try_refs": 0
      }
    },
    "median": {
      "llvm": 0.24720341700594872,
      "native": 0.05356645901338197
    },
    "n": 900000,
    "output": "39600000",
    "ratio_llvm_over_native": 4.614891884942262,
    "reps": 20,
    "samples": {
      "llvm": [
        0.2515567920054309,
        0.24753687498741783,
        0.2439076250011567,
        0.24448249998386018,
        0.243199916993035,
        0.24720341700594872,
        0.25183191601536237,
        0.24974391600699164,
        0.24680066699511372
      ],
      "native": [
        0.054211750015383586,
        0.05356645901338197,
        0.05119425000157207,
        0.05142120897653513,
        0.053654582996387035,
        0.05448158300714567,
        0.05246304100728594,
        0.05350170799647458,
        0.05403145798482001
      ]
    }
  }
}
